-- MariaDB dump 10.19  Distrib 10.4.27-MariaDB, for Win64 (AMD64)
--
-- Host: 127.0.0.1    Database: epson_db
-- ------------------------------------------------------
-- Server version	10.4.27-MariaDB

/*!40101 SET @OLD_CHARACTER_SET_CLIENT=@@CHARACTER_SET_CLIENT */;
/*!40101 SET @OLD_CHARACTER_SET_RESULTS=@@CHARACTER_SET_RESULTS */;
/*!40101 SET @OLD_COLLATION_CONNECTION=@@COLLATION_CONNECTION */;
/*!40101 SET NAMES utf8mb4 */;
/*!40103 SET @OLD_TIME_ZONE=@@TIME_ZONE */;
/*!40103 SET TIME_ZONE='+00:00' */;
/*!40014 SET @OLD_UNIQUE_CHECKS=@@UNIQUE_CHECKS, UNIQUE_CHECKS=0 */;
/*!40014 SET @OLD_FOREIGN_KEY_CHECKS=@@FOREIGN_KEY_CHECKS, FOREIGN_KEY_CHECKS=0 */;
/*!40101 SET @OLD_SQL_MODE=@@SQL_MODE, SQL_MODE='NO_AUTO_VALUE_ON_ZERO' */;
/*!40111 SET @OLD_SQL_NOTES=@@SQL_NOTES, SQL_NOTES=0 */;

--
-- Table structure for table `ep_users`
--

DROP TABLE IF EXISTS `ep_users`;
/*!40101 SET @saved_cs_client     = @@character_set_client */;
/*!40101 SET character_set_client = utf8 */;
CREATE TABLE `ep_users` (
  `id` int(11) DEFAULT NULL,
  `username` tinytext DEFAULT NULL,
  `password` tinytext DEFAULT NULL,
  `date_changepassword` date DEFAULT NULL
) ENGINE=InnoDB DEFAULT CHARSET=utf8mb4 COLLATE=utf8mb4_general_ci;
/*!40101 SET character_set_client = @saved_cs_client */;

--
-- Dumping data for table `ep_users`
--

LOCK TABLES `ep_users` WRITE;
/*!40000 ALTER TABLE `ep_users` DISABLE KEYS */;
INSERT INTO `ep_users` VALUES (1,'test','4321',NULL),(2,'admin','f5fde0dc484da753a9ebb354c1fe1f65','2023-10-06');
/*!40000 ALTER TABLE `ep_users` ENABLE KEYS */;
UNLOCK TABLES;

--
-- Table structure for table `es_cc_column`
--

DROP TABLE IF EXISTS `es_cc_column`;
/*!40101 SET @saved_cs_client     = @@character_set_client */;
/*!40101 SET character_set_client = utf8 */;
CREATE TABLE `es_cc_column` (
  `id` int(11) DEFAULT NULL,
  `id_model` int(11) DEFAULT NULL,
  `column_name` text DEFAULT NULL
) ENGINE=InnoDB DEFAULT CHARSET=utf8mb4 COLLATE=utf8mb4_general_ci;
/*!40101 SET character_set_client = @saved_cs_client */;

--
-- Dumping data for table `es_cc_column`
--

LOCK TABLES `es_cc_column` WRITE;
/*!40000 ALTER TABLE `es_cc_column` DISABLE KEYS */;
INSERT INTO `es_cc_column` VALUES (1,1,'ชื่อรุ่น'),(2,1,'รหัสสินค้า'),(3,1,'ฟังก์ชั่นการทำงาน'),(4,1,'ความละเอียดการพิมพ์สูงสุด'),(5,1,'ความเร็วการพิมพ์ (ขาวดำ/สี) **ตามมาตรฐาน ISO 24734'),(6,1,'พิมพ์ไร้ขอบ'),(7,1,'รองรับสำเนาสูงสุด'),(8,1,'ชนิดหมึก'),(9,1,'พอร์ตเชื่อมต่อ'),(10,1,'ปริมาณการพิมพ์ (ขาวดำ/สี) สำหรับหมึกชุดที่2 เป็นต้นไป'),(11,1,'รหัสหมึก'),(12,1,'การรับประกัน'),(13,1,'ราคา'),(14,2,'ชื่อรุ่น'),(15,2,'รหัสสินค้า'),(16,2,'ฟังก์ชั่นการทำงาน'),(17,2,'ความละเอียดการพิมพ์สูงสุด'),(18,2,'ความเร็วการพิมพ์ (ขาวดำ/สี) **ตามมาตรฐาน ISO 24734'),(19,2,'ความเร็วทำสำเนา (ขาวดำ/สี)'),(20,2,'พิมพ์ไร้ขอบ'),(21,2,'รองรับสำเนาสูงสุด'),(22,2,'ชนิดหมึก'),(23,2,'พอร์ตเชื่อมต่อ'),(24,2,'ปริมาณการพิมพ์ (ขาวดำ/สี) สำหรับหมึกชุดที่2 เป็นต้นไป'),(25,2,'ต้นทุนต่อแผ่น (ขาวดำ/สี)'),(26,2,'รหัสหมึก'),(27,2,'การรับประกัน'),(28,2,'ราคา'),(29,3,'ชื่อรุน'),(30,3,'รหัสสินค้า'),(31,3,'จำนวนคอลัมน์'),(32,3,'แบบร่างความเร็วสูง 10 ตัว/นิ้ว (ตัวอักษร/วินาที)'),(33,3,'แบบร่างความเร็วสูง 12 ตัว/นิ้ว (ตัวอักษร/วินาที)'),(34,3,'แบบร่าง 10 ตัว/นิ้ว (ตัวอักษร/วินาที)'),(35,3,'แบบร่าง 12 ตัว/นิ้ว (ตัวอักษร/วินาที)'),(36,3,'แบบละเอียด 10 ตัว/นิ้ว (ตัวอักษร/วินาที)'),(37,3,'แบบละเอียด 12 ตัว/นิ้ว (ตัวอักษร/วินาที)'),(38,3,'การพิมพ์สำเนา'),(39,3,'หน่วยความจำ'),(40,3,'ทางเดินกระดาษแผ่นเดียว (แบบลูกกลิ้ง)'),(41,3,'ทางกระดาษต่อเนื่อง (แบบเฟืองขับ)'),(42,3,'การเชื่อมต่อ (Port)'),(43,3,'รหัสหมึก'),(44,3,'การรับประกัน'),(45,3,'ราคา'),(46,4,'ชื่อรุน'),(47,4,'รหัสสินค้า'),(48,4,'ระบบการพิมพ์'),(49,4,'ความเร็วในการพิมพ์'),(50,4,'ความหนาของกระดาษ'),(51,4,'ขนาดม้วนกระดาษที่เครื่องพิมพ์รองรับ'),(52,4,'การเชื่อมต่อ (Port)'),(53,4,'อายุการใช้งาน'),(54,4,'น้ำหนัก'),(55,4,'รหัสหมึก'),(56,4,'การรับประกัน'),(57,4,'ราคา'),(58,5,'ชื่อรุน'),(59,5,'รหัสสินค้า'),(60,5,'Projector Group'),(61,5,'LCD Size (inch)'),(62,5,'Brightness (Color&White)'),(63,5,'ความละเอียด'),(64,5,'Contrast Ratio'),(65,5,'Light Source Type'),(66,5,'Lamp Wattage'),(67,5,'Lamp Life (Normal/Eco)'),(68,5,'Vertical'),(69,5,'Horizontal'),(70,5,'Auto Keystone'),(71,5,'Lens Shift (Vertical)'),(72,5,'Lens Shift (Horizontal)'),(73,5,'Weight (kg.)'),(74,5,'Interactive'),(75,5,'VGA (D-Sub15pin)'),(76,5,'Compisite Video (RCA)'),(77,5,'BNC(SD-SDI,HD-SDI)'),(78,5,'S-Video'),(79,5,'HDMI'),(80,5,'DVI-D'),(81,5,'DisplayPort'),(82,5,'HDBaseT'),(83,5,'Monitor-out (D-Sub15pin)'),(84,5,'BNC Out (SD-SDI,HD-SDI)'),(85,5,'HDMI Out'),(86,5,'Audio Input2 RCA (White/Red)'),(87,5,'Audio Input (Stereo Mini Jack)'),(88,5,'Audio-out (Sterro Mini Jack)'),(89,5,'Mic.(Sterro Mini Jack)'),(90,5,'RS-232c'),(91,5,'Trigger Out'),(92,5,'USB-Type A'),(93,5,'USB-Type B'),(94,5,'Wired LAN (RJ-45)'),(95,5,'Wireless LAN'),(96,5,'Sound Output (Wattage)'),(97,5,'Remark'),(98,5,'Lens Support'),(99,5,'การรับประกัน'),(100,5,'ราคา'),(101,6,'ชื่อรุน'),(102,6,'รหัสสินค้า'),(103,6,'หน้ากว้างในการพิมพ์'),(104,6,'เทคโนโลยีหมึกพิมพ์'),(105,6,'ความละเอียด'),(106,6,'จำนวนสีพิมพ์'),(107,6,'การเชื่อมต่อ (Port)'),(108,6,'รองรับกระดาษ'),(109,6,'รหัสหมึก'),(110,6,'การรับประกัน'),(111,6,'ราคา'),(112,7,'ชื่อรุน'),(113,7,'รหัสสินค้า'),(114,7,'เทคโนโลยีหมึกพิมพ์'),(115,7,'หน้ากว้างในการพิมพ์'),(116,7,'ความละเอียด'),(117,7,'จำนวนสีพิมพ์'),(118,7,'การเชื่อมต่อ (Port)'),(119,7,'รองรับกระดาษ'),(120,7,'การรับประกัน'),(121,7,'ราคา'),(122,8,'ชื่อรุน'),(123,8,'รหัสสินค้า'),(124,8,'ประเภทการป้อนกระดาษ'),(125,8,'ออปติคอสเซนเซอร์'),(126,8,'ความละเอียด'),(127,8,'ขนาดเอกสาร'),(128,8,'ขนาดฟิล์ม'),(129,8,'ADF(1ด้าน/2ด้าน)'),(130,8,'ถาดป้อนเอกสารอัตโนมัติ(ADF)'),(131,8,'ระบบปฏิบัติการ'),(132,8,'การเชื่อมต่อ'),(133,8,'อุปกรณ์เสริม'),(134,8,'ความเร็วในการสแกน(300dpi) Flatbed(ขาวดำ/สี)'),(135,8,'การรับประกัน'),(136,8,'ราคา'),(137,9,'ชื่อรุน'),(138,9,'รหัสสินค้า'),(139,9,'หน้ากว้างที่รองรับ'),(140,9,'เทคโนโลยีการพิมพ์'),(141,9,'ความละเอียด'),(142,9,'ความเร็วในการพิมพ์'),(143,9,'การเชื่อมต่อ (Port)'),(144,9,'รหัสหมึก'),(145,9,'การรับประกัน'),(146,9,'ราคา');
/*!40000 ALTER TABLE `es_cc_column` ENABLE KEYS */;
UNLOCK TABLES;

--
-- Table structure for table `es_cc_model`
--

DROP TABLE IF EXISTS `es_cc_model`;
/*!40101 SET @saved_cs_client     = @@character_set_client */;
/*!40101 SET character_set_client = utf8 */;
CREATE TABLE `es_cc_model` (
  `id` int(11) DEFAULT NULL,
  `model_name` text DEFAULT NULL,
  `folder` varchar(255) DEFAULT NULL
) ENGINE=InnoDB DEFAULT CHARSET=utf8mb4 COLLATE=utf8mb4_general_ci;
/*!40101 SET character_set_client = @saved_cs_client */;

--
-- Dumping data for table `es_cc_model`
--

LOCK TABLES `es_cc_model` WRITE;
/*!40000 ALTER TABLE `es_cc_model` DISABLE KEYS */;
INSERT INTO `es_cc_model` VALUES (1,'InkJet','01_InkJet'),(2,'BIJ',NULL),(3,'SIDM',NULL),(4,'TM-Printer',NULL),(5,'Projector',NULL),(6,'Prographics',NULL),(7,'Label Printer',NULL),(8,'Scanner',NULL),(9,'Color Work',NULL);
/*!40000 ALTER TABLE `es_cc_model` ENABLE KEYS */;
UNLOCK TABLES;

--
-- Table structure for table `es_cc_series`
--

DROP TABLE IF EXISTS `es_cc_series`;
/*!40101 SET @saved_cs_client     = @@character_set_client */;
/*!40101 SET character_set_client = utf8 */;
CREATE TABLE `es_cc_series` (
  `id` int(11) DEFAULT NULL,
  `id_model` int(11) DEFAULT NULL,
  `series_name` text DEFAULT NULL
) ENGINE=InnoDB DEFAULT CHARSET=utf8mb4 COLLATE=utf8mb4_general_ci;
/*!40101 SET character_set_client = @saved_cs_client */;

--
-- Dumping data for table `es_cc_series`
--

LOCK TABLES `es_cc_series` WRITE;
/*!40000 ALTER TABLE `es_cc_series` DISABLE KEYS */;
INSERT INTO `es_cc_series` VALUES (1,1,'L121'),(2,1,'L1210 STD'),(3,1,'L1216 STD - Exclusive Online '),(4,1,'L1250 STD'),(5,1,'L1256 STD - Exclusive Online '),(6,1,'L3210 STD'),(7,1,'L3216 STD - Exclusive Online '),(8,1,'L3250 STD'),(9,1,'L3256 STD - Exclusive Online '),(10,1,'L3550 STD'),(11,1,'L3556 STD'),(12,1,'L4260 STD'),(13,1,'L4266 STD - Exclusive Online '),(14,1,'L5290 STD'),(15,1,'L5296 STD - Exclusive Online '),(16,1,'L5590 STD'),(17,1,'L6260 STD'),(18,1,'L6270 STD'),(19,1,'L6290 STD'),(20,1,'L6460 STD'),(21,1,'L6490 STD'),(22,1,'L805'),(23,1,'L850 '),(24,1,'L8050 STD'),(25,1,'L18050 STD'),(26,1,'L1300 '),(27,1,'L1800'),(28,1,'L14150'),(29,1,'L15150 '),(30,1,'M1120 '),(31,1,'M1140 '),(32,1,'M1170 '),(33,1,'M2140'),(34,1,'M2170'),(35,1,'M3170 '),(36,1,'M15140 '),(37,2,'WF-C5290 '),(38,2,'WF-C5790 '),(39,2,'WF-C5390'),(40,2,'WF-C5890'),(41,2,'EPSON WF-6091'),(42,2,'L15160 '),(43,2,'L15180 STD'),(44,2,'M15180 STD'),(45,2,'L6550 STD'),(46,2,'L6580 STD'),(47,3,'LQ-310'),(48,3,'LQ-630'),(49,3,'LQ-590II'),(50,3,'LQ-590IIN'),(51,3,'LQ-2090II'),(52,3,'LQ-2090IIN'),(53,3,'LQ-2190'),(54,3,'DLQ-3500II'),(55,3,'DLQ-3500IIN'),(56,3,'DFX-9000'),(57,3,'PLQ-35'),(58,3,'PLQ-50'),(59,4,'TM-U220A'),(60,4,'TM-U220B'),(61,4,'TM-U220D'),(62,4,'TM-U295'),(63,4,'TM-U950'),(64,4,'TM-T88VI'),(65,4,'TM-M10'),(66,4,'TM-T82X'),(67,4,'TM-T70II'),(68,4,'TM-T82III'),(69,4,'TM-M30II'),(70,4,'TM-M30II-NT'),(71,4,'TM-M30II-H'),(72,5,'EB-E01 '),(73,5,'EB-E10'),(74,5,'EB-X06'),(75,5,'EB-X51'),(76,5,'EB-W06'),(77,5,'EB-W51'),(78,5,'EB-FH52'),(79,5,'EB-972'),(80,5,'EB-982W'),(81,5,'EB-1785W'),(82,5,'EB-1795F'),(83,5,'EB-2265U'),(84,5,'EB-2165W'),(85,5,'EB-2065'),(86,5,'EB-2255U'),(87,6,'SC-T3130'),(88,6,'SC-T3130N (NO STAND)'),(89,6,'SC-T3130X'),(90,6,'SC-T3130M'),(91,6,'SC-T3435'),(92,6,'SC-T3730E'),(93,6,'SC-T3730DE'),(94,6,'SC-T3730D'),(95,6,'SC-T5130'),(96,6,'SC-T5130M'),(97,6,'SC-T5435'),(98,6,'SC-T5430M'),(99,6,'SC-T5730D'),(100,6,'SC-T5730DM'),(101,6,'SC-T7730D'),(102,6,'SC-T7730DM'),(103,6,'SC-T7730DL'),(104,6,'SC-P703 '),(105,6,'SC-P903 '),(106,6,'SC-P5000  '),(107,6,'SC-P6000'),(108,7,'LW-K400TH'),(109,7,'LW-C410'),(110,7,'LW-600P'),(111,7,'LW-700'),(112,7,'LW-1000P'),(113,7,'LW-Z700FK'),(114,7,'LW-Z900FK'),(115,7,'LW-Z5000WA '),(116,7,'LW-Z5010BA  '),(117,8,'PERFECTION V39II'),(118,8,'PERFECTION V850 PHOTO'),(119,8,'DS-410'),(120,8,'DS-530II'),(121,8,'DS-570WII'),(122,8,'ES-50'),(123,8,'ES-60W'),(124,8,'DS-310'),(125,8,'DS-360W'),(126,8,'DS-870'),(127,8,'DS-970'),(128,9,'CW-C3510'),(129,9,'CW-C4050'),(130,9,'CW-C6050A '),(131,9,'CW-C6050P'),(132,9,'CW-C6550A'),(133,9,'CW-C6550P'),(134,9,'CW-C7510G');
/*!40000 ALTER TABLE `es_cc_series` ENABLE KEYS */;
UNLOCK TABLES;

--
-- Table structure for table `es_cc_specification`
--

DROP TABLE IF EXISTS `es_cc_specification`;
/*!40101 SET @saved_cs_client     = @@character_set_client */;
/*!40101 SET character_set_client = utf8 */;
CREATE TABLE `es_cc_specification` (
  `id` int(11) NOT NULL AUTO_INCREMENT,
  `no` int(11) DEFAULT NULL,
  `update_date` date DEFAULT NULL,
  `status` varchar(255) DEFAULT NULL,
  `ordercode` varchar(255) DEFAULT NULL,
  `description` text DEFAULT NULL,
  `group_p` varchar(255) DEFAULT NULL,
  `compatible` varchar(255) DEFAULT NULL,
  `msrp` decimal(10,2) DEFAULT NULL,
  `msrp_vat` decimal(10,2) DEFAULT NULL,
  `specs_length_m` varchar(255) DEFAULT NULL,
  `remark` text DEFAULT NULL,
  `bundle_items` varchar(255) DEFAULT NULL,
  `std_warranty_term` varchar(255) DEFAULT NULL,
  `lamp_light_source_head` varchar(255) DEFAULT NULL,
  `service_type` varchar(255) DEFAULT NULL,
  `brochure` text DEFAULT NULL,
  PRIMARY KEY (`id`) USING BTREE
) ENGINE=InnoDB AUTO_INCREMENT=95 DEFAULT CHARSET=utf8 COLLATE=utf8_unicode_ci ROW_FORMAT=DYNAMIC;
/*!40101 SET character_set_client = @saved_cs_client */;

--
-- Dumping data for table `es_cc_specification`
--

LOCK TABLES `es_cc_specification` WRITE;
/*!40000 ALTER TABLE `es_cc_specification` DISABLE KEYS */;
INSERT INTO `es_cc_specification` VALUES (1,1,'2010-05-20','Discontinue','C11CG89501','L1110 ','CISS','',3822.00,4090.00,'','','','2 years or 30,000 pages','2 years or 30,000 pages','Carry In',''),(2,2,'2010-05-20','-','C11CD76401','L120 ','CISS','',3075.00,3290.00,'','','','2 years or 20,000 pages','2 years or 20,000 pages','Carry In',''),(3,3,'2010-05-20','- ','C11CD76501','L121','CISS','',3355.00,3590.00,'','','','2 years or 20,000 pages','2 years or 20,000 pages','Carry In',''),(4,4,'2010-05-20','- ','C11CJ70501','L1210 STD','CISS','',3916.00,4190.00,'','','','2 years or 30,000 pages','2 years or 30,000 pages','Carry In',''),(5,5,'2010-05-20','- ','C11CJ70502','L1216 STD - Exclusive Online ','CISS','',4103.00,4390.00,'','เครื่องสีขาว / Online เท่านั้น','','2 years or 30,000 pages','2 years or 30,000 pages','Carry In',''),(6,6,'2010-05-20','- ','C11CJ71503','L1250 STD','CISS','',4196.00,4490.00,'','','','2 years or 30,000 pages','2 years or 30,000 pages','Carry In',''),(7,7,'2010-05-20','- ','C11CJ71504','L1256 STD - Exclusive Online ','CISS','',4383.00,4690.00,'','เครื่องสีขาว / Online เท่านั้น','','2 years or 30,000 pages','2 years or 30,000 pages','Carry In',''),(8,8,'2010-05-20','- ','C11CD81501','L1300 ','CISS','',14477.00,15490.00,'','','','2 years or 30,000 pages','2 years or 30,000 pages','Carry In',''),(9,9,'2010-05-20','- ','C11CH96502','L14150','CISS','',16355.00,17500.00,'','','','2 years or 80,000 pages','2 years or 80,000 pages','Carry In',''),(10,10,'2010-05-20','Discontinue','C11CF49501','L1455','CISS','',20467.00,21900.00,'','','','2 years or 80,000 pages','2 years or 80,000 pages','Onsite',''),(11,11,'2010-05-20','Current ','C11CH72502','L15150 ','CISS','',25879.00,27690.00,'','','','2 years or 80,000 pages','2 years or 80,000 pages','Onsite',''),(12,12,'2010-05-20','-','C11CH71501','L15160','CISS','',37290.00,39900.00,'','','','1 year','1 year','Onsite',''),(13,13,'2010-05-20','- ','C11CD82501','L1800','CISS','',17150.00,18350.00,'','','','1 year or 9,000 pages','1 year or 9,000 pages','Carry In',''),(14,14,'2010-05-20','New ','C11CK38501','L18050 STD','CISS','',18224.00,19500.00,'','','','2 years or 50,000 pages','2 years or 50,000 pages','Carry In','N/A'),(15,15,'2010-05-20','Discontinue','C11CE57501','L310','CISS','',4103.00,4390.00,'','','','2 years or 30,000 pages','2 years or 30,000 pages','Carry In',''),(16,16,'2010-05-20','Discontinue','C11CG87501','L3110','CISS','',4009.00,4290.00,'','','','2 years or 30,000 pages','2 years or 30,000 pages','Carry In',''),(17,17,'2010-05-20','Discontinue','C11CG86501','L3150','CISS','',4664.00,4990.00,'','','','2 years or 30,000 pages','2 years or 30,000 pages','Carry In',''),(18,18,'2010-05-20','Discontinue ','C11CJ68501','L3210 STD','CISS','',4196.00,4490.00,'','','','2 years or 30,000 pages','2 years or 30,000 pages','Carry In',''),(19,19,'2010-05-20','- ','C11CJ68502','L3216 STD - Exclusive Online ','CISS','',4196.00,4490.00,'','เครื่องสีขาว / Online เท่านั้น','','2 years or 30,000 pages','2 years or 30,000 pages','Carry In',''),(20,20,'2010-05-20','- ','C11CJ67503','L3250 STD','CISS','',4850.00,5190.00,'','','','2 years or 30,000 pages','2 years or 30,000 pages','Carry In',''),(21,21,'2010-05-20','- ','C11CJ67504','L3256 STD - Exclusive Online ','CISS','',5037.00,5390.00,'','เครื่องสีขาว / Online เท่านั้น','','2 years or 30,000 pages','2 years or 30,000 pages','Carry In',''),(22,22,'2010-05-20','New ','C11CK59501','L3550 STD','CISS','',5785.00,6190.00,'','','','2 years or 50,000 pages','2 years  or 50,000 pages','Carry In','https://download.epson.com.sg/product_brochures/ink_tank_system/ETH/TH/L3550_L5590_TH.pdf'),(23,23,'2010-05-20','New ','C11CK59507','L3556 STD','CISS','',5972.00,6390.00,'','','','2 years or 50,000 pages','2 years  or 50,000 pages','Carry In','https://download.epson.com.sg/product_brochures/ink_tank_system/ETH/TH/L3556_TH.pdf'),(24,24,'2010-05-20','Discontinue','C11CE55501','L360','CISS','',4570.00,4890.00,'','','','#ERROR!','#ERROR!','Carry In',''),(25,25,'2010-05-20','Discontinue','C11CF44501','L385 ','CISS','',5654.00,6050.00,'','','','#ERROR!','#ERROR!','Carry In',''),(26,26,'2010-05-20','Discontinue','C11CG25501','L4150 ','CISS','',7374.00,7890.00,'','','','#ERROR!','#ERROR!','Carry In',''),(27,27,'2010-05-20','Discontinue','C11CF45501','L485','CISS','',6589.00,7050.00,'','','','#ERROR!','#ERROR!','Carry In',''),(28,28,'2010-05-20','Discontinue','C11CE53501','L565','CISS','',8682.00,9290.00,'','','','#ERROR!','#ERROR!','Carry In',''),(29,29,'2010-05-20','Discontinue','C11CG49501','L405  ','CISS','',5879.00,6290.00,'','','','#ERROR!','#ERROR!','Carry In',''),(30,30,'2010-05-20','Discontinue','C11CF43501','L380 ','CISS','',5598.00,5990.00,'','','','#ERROR!','#ERROR!','Carry In',''),(31,31,'2010-05-20','Discontinue','C11CF72501','L605','CISS','',10654.00,11400.00,'','','','#ERROR!','#ERROR!','Carry In',''),(32,32,'2010-05-20','Discontinue','C11CG21502','L6160 ','CISS','',8598.00,9200.00,'','','','#ERROR!','#ERROR!','#ERROR!',''),(33,33,'2010-05-20','Discontinue','C11CE71501','L655','CISS','',11121.00,11900.00,'','','','#ERROR!','#ERROR!','#ERROR!',''),(34,34,'2010-05-20','- ','C11CJ65502','L5290 STD','CISS','',8028.00,8590.00,'','','','2 years or 30,000 pages','2 years or 30,000 pages','Carry In',''),(35,35,'2010-05-20','- ','C11CJ65503','L5296 STD - Exclusive Online ','CISS','',8215.00,8790.00,'','เครื่องสีขาว / Online เท่านั้น','','2 years or 30,000 pages','2 years or 30,000 pages','Carry In',''),(36,36,'2010-05-20','New ','C11CK57502','L5590 STD','CISS','',9150.00,9790.00,'','','','2 years or 50,000 pages','2 years  or 50,000 pages','Carry In','https://download.epson.com.sg/product_brochures/ink_tank_system/ETH/TH/L3550_L5590_TH.pdf'),(37,37,'2010-05-20','Discontinue','C11CG20501','L6170 ','CISS','',9710.00,10390.00,'','','','2 years or 50,000 pages','2 years  or 50,000 pages','Carry In',''),(38,38,'2010-05-20','Discontinue','C11CG19502','L6190 ','CISS','',10925.00,11690.00,'','','','2 years or 50,000 pages','2 years  or 50,000 pages','Carry In',''),(39,39,'2010-05-20','- ','C11CJ62502','L6260 STD','CISS','',9243.00,9890.00,'','','','2 years or 50,000 pages','2 years or 50,000 pages','Carry In',''),(40,40,'2010-05-20','- ','C11CJ61501','L6270 STD','CISS','',9710.00,10390.00,'','','','2 years or 50,000 pages','2 years or 50,000 pages','Carry In',''),(41,41,'2010-05-20','- ','C11CJ60502','L6290 STD','CISS','',10925.00,11690.00,'','','','2 years or 50,000 pages','2 years or 50,000 pages','Carry In',''),(42,43,'2010-05-20','- ','C11CJ88502','L6490 STD','CISS','',15794.00,16900.00,'','','','2 years or 50,000 pages','2 years or 50,000 pages','Carry In','https://download.epson.com.sg/product_brochures/ink_tank_system/ETH/TH/L6460_6490_TH.pdf'),(43,44,'2010-05-20','Revise','C11CJ30502','L6550 STD','CISS','',27944.00,29900.00,'','','','1 year','1 year','Onsite','https://download.epson.com.sg/product_brochures/ink_tank_system/ETH/TH/L6550_L6580_TH.pdf'),(44,45,'2010-05-20','Revise','C11CJ28502','L6580 STD','CISS','',30748.00,32900.00,'','','','1 year','1 year','Onsite','https://download.epson.com.sg/product_brochures/ink_tank_system/ETH/TH/L6550_L6580_TH.pdf'),(45,46,'2010-05-20','- ','C11CE86501','L805','CISS','',10925.00,11690.00,'','','','1 year or 3,000 pages','1 year or 3,000 pages','Carry In',''),(46,47,'2010-05-20','Discontinue','C11CC84411','M100','CISS','',5598.00,5990.00,'','','','#ERROR!','#ERROR!','#ERROR!',''),(47,48,'2010-05-20','- ','C11CE31501','L850 ','CISS','',14009.00,14990.00,'','','','1 year or 3,000 pages','1 year or 3,000 pages','Carry In',''),(48,49,'2010-05-20','Discontinue','C11CG95501','M1100 ','CISS','',5598.00,5990.00,'','','','4 years or 50,000 pages','4 years or 50,000 pages','Carry In',''),(49,50,'2010-05-20','Discontinue','C11CC83411','M200','CISS','',7000.00,7490.00,'','','','4 years or 50,000 pages','4 years or 50,000 pages','Carry In',''),(50,51,'2010-05-20','- ','C11CG96501','M1120 ','CISS','',4626.00,4950.00,'','','','4 years or 50,000 pages','4 years or 50,000 pages','Carry In',''),(51,52,'2010-05-20','New ','C11CK37501','L8050 STD','CISS','',11682.00,12500.00,'','','','Waiting for update','Waiting for update','Waiting for update','N/A'),(52,53,'2010-05-20','- ','C11CG26501','M1140 ','CISS','',5879.00,6290.00,'','','','4 years or 50,000 pages','4 years or 50,000 pages','Carry In','https://download.epson.com.sg/product_brochures/ink_tank_system/ETH/TH/M1140_M2140_M3170_TH_compressed.pdf'),(53,54,'2010-05-20','- ','C11CH44505','M1170 ','CISS','',6346.00,6790.00,'','','','4 years or 50,000 pages','4 years or 50,000 pages','Carry In','https://download.epson.com.sg/product_brochures/ink_tank_system/ETH/TH/M1170_M2170_M3170_TH.pdf'),(54,55,'2010-05-20','- ','C11CJ41501E1','M15140 ','CISS','',23271.00,24900.00,'','','','4 years or 150,000 pages','4 years or 150,000 pages','Onsite','http://download.epson.com.sg/product_brochures/ink_tank_system/ETH/TH/M15140_TH.pdf'),(55,56,'2010-05-20','- ','C11CG96501T1','M1120_MaoMao20,000pages','CISS','',6065.00,6490.00,'','','(Bundle 005 ink 3 bottles+Warranty 5 years or 100,000 pages onsite serrvice)','Waiting for update','Waiting for update','Waiting for update','https://download.epson.com.sg/product_brochures/ink_tank_system/ETH/TH/M1100_M1120_M2140_TH_compressed.pdf'),(56,57,'2010-05-20','- ','C11CG27501','M2140','CISS','',7561.00,8090.00,'','','','4 years or 50,000 pages','4 years or 50,000 pages','Carry In','https://download.epson.com.sg/product_brochures/ink_tank_system/ETH/TH/M1100_M1120_M2140_TH_compressed.pdf'),(57,58,'2010-05-20','- ','C11CH43507','M2170','CISS','',8411.00,9000.00,'','','','Waiting for update','Waiting for update','Waiting for update','http://download.epson.com.sg/product_brochures/ink_tank_system/ETH/TH/M1170_M2170_M3170_TH.pdf'),(58,59,'2010-05-20','- ','C11CG92501','M3170 ','CISS','',8963.00,9590.00,'','','','4 years or 50,000 pages','4 years or 50,000 pages','Carry In','https://download.epson.com.sg/product_brochures/ink_tank_system/ETH/TH/M1140_M2140_M3170_TH_compressed.pdf'),(59,60,'2010-05-20','- ','C11CG92501T1','M3170_MaoMao20,000pages','CISS','',10738.00,11490.00,'','','(Bundle 005 ink 3 bottles+Warranty 5 years or 100,000 pages onsite serrvice)','Waiting for update','Waiting for update','Waiting for update','https://download.epson.com.sg/product_brochures/ink_tank_system/ETH/TH/M1140_M2140_M3170_TH_compressed.pdf'),(60,61,'2010-05-20','- ','C13T664100','Black 70ml ink bottle L100/L110/L120/L200/L210/L220/L300/L310/L350/L355/360/L365/L385/L405/L455/L485/L550/L555/L565/L1300 ','Consumable_CISS','L100/L110/L120/L200/L210/L220/L300/L310/L350/L355/360/L365/L385/L405/L455/L485/L550/L555/L565/L1300 ',234.00,250.00,'รหัส T664','','','N/A','N/A','N/A',''),(61,62,'2010-05-20','- ','C13T664200','Cyan 70ml ink bottle L100/L110/L120/L200/L210/L220/L300/L310/L350/L355/360/L365/L385/L405/L455/L485/L550/L555/L565/L605/L655/L1300/L1455','Consumable_CISS','L100/L110/L120/L200/L210/L220/L300/L310/L350/L355/360/L365/L385/L405/L455/L485/L550/L555/L565/L605/L655/L1300/L1455',234.00,250.00,'รหัส T664','','','N/A','N/A','N/A',''),(62,63,'2010-05-20','- ','C13T664300','Magenta 70ml ink bottle L100/L110/L120/L200/L210/L220/L300/L310/L350/L355/360/L365/L385/L405/L455/L485/L550/L555/L565/L605/L655/L1300/L1455','Consumable_CISS','L100/L110/L120/L200/L210/L220/L300/L310/L350/L355/360/L365/L385/L405/L455/L485/L550/L555/L565/L605/L655/L1300/L1455',234.00,250.00,'รหัส T664','','','N/A','N/A','N/A',''),(63,64,'2010-05-20','- ','C13T664400','Yellow 70ml ink bottle L100/L110/L120/L200/L210/L220/L300/L310/L350/L355/360/L365/L385/L405/L455/L485/L550/L555/L565/L605/L655/L1300/L1455','Consumable_CISS','L100/L110/L120/L200/L210/L220/L300/L310/L350/L355/360/L365/L385/L405/L455/L485/L550/L555/L565/L605/L655/L1300/L1455',234.00,250.00,'รหัส T664','','','N/A','N/A','N/A',''),(64,65,'2010-05-20','- ','C13T673100','Black 70ml ink bottle L800 (1.8K-4R)','Consumable_CISS','L800 / L805 / L850 / L1800',421.00,450.00,'รหัส T673','','','N/A','N/A','N/A',''),(65,66,'2010-05-20','- ','C13T673200','Cyan 70ml ink bottle L800 (1.8K-4R)','Consumable_CISS','L800 / L805 / L850 / L1800',421.00,450.00,'รหัส T673','','','N/A','N/A','N/A',''),(66,67,'2010-05-20','- ','C13T673300','Magenta 70ml ink bottle L800 (1.8K-4R)','Consumable_CISS','L800 / L805 / L850 / L1800',421.00,450.00,'รหัส T673','','','N/A','N/A','N/A',''),(67,68,'2010-05-20','- ','C13T673400','Yellow 70ml ink bottle L800 (1.8K-4R)','Consumable_CISS','L800 / L805 / L850 / L1800',421.00,450.00,'รหัส T673','','','N/A','N/A','N/A',''),(68,69,'2010-05-20','- ','C13T673500','Light Cyan 70ml ink bottle L800 (1.8K-4R)','Consumable_CISS','L800 / L805 / L850 / L1800',421.00,450.00,'รหัส T673','','','N/A','N/A','N/A',''),(69,70,'2010-05-20','- ','C13T673600','Light Magenta 70ml ink bottle L800 (1.8K-4R)','Consumable_CISS','L800 / L805 / L850 / L1800',421.00,450.00,'รหัส T673','','','N/A','N/A','N/A',''),(70,71,'2010-05-20','- ','C13T774100','Black pigment ink bottle M100,M200/L605/L655/L1455 140ML','Consumable_CISS','M100,M200/L605/L655/L1455  (140ML)',364.00,390.00,'Pigment  (140ML)  รหัส T774','','','N/A','N/A','N/A',''),(71,72,'2010-05-20','- ','C13T03Y100','Black 127 ml ink bottle - L4150/L4160/L6160/L6170/L6190','Consumable_CISS','L4150/L4160/L6160/L6170/L6190 / L14150/L4260/L4266/L6260/L6270/L6290',369.00,395.00,'Pigment รหัสหมึก 001','','','N/A','N/A','N/A',''),(72,73,'2010-05-20','- ','C13T03Y200','Cyan 70 ml ink bottle - L4150/L4160/L6160/L6170/L6190','Consumable_CISS','L4150/L4160/L6160/L6170/L6190 / L14150/L4260/L4266/L6260/L6270/L6290',248.00,265.00,'Dye ink  รหัสหมึก 001','','','N/A','N/A','N/A',''),(73,74,'2010-05-20','- ','C13T03Y300','Magenta 70 ml ink bottle - L4150/L4160/L6160/L6170/L6190','Consumable_CISS','L4150/L4160/L6160/L6170/L6190 / L14150/L4260/L4266/L6260/L6270/L6290',248.00,265.00,'Dye ink  รหัสหมึก 001','','','N/A','N/A','N/A',''),(74,75,'2010-05-20','- ','C13T03Y400','Yellow 70 ml ink bottle - L4150/L4160/L6160/L6170/L6190','Consumable_CISS','L4150/L4160/L6160/L6170/L6190 / L14150/L4260/L4266/L6260/L6270/L6290',248.00,265.00,'Dye ink  รหัสหมึก 001','','','N/A','N/A','N/A',''),(75,76,'2010-05-20','- ','C13T04D100','L6000 SERIES INK MAINTENANCE BOX - L6160/L6170/L6190','Consumable_CISS','L6160/L6170/L6190/M1140/M2140/M3170 /L14150/L6260 / L6270 / L6290 /L6460/L6490',374.00,400.00,'รหัส T04D','','','N/A','N/A','N/A',''),(76,77,'2010-05-20','- ','C13T01P100','MONO INK (STD) - M1110/M1120/M1140/M2140/M3170  - (2K)','Consumable_CISS','M1100/M1120/M1140/M2140/M3170  - (2K)',243.00,260.00,'Pigment ink (40 ml.) รหัส 005','','','N/A','N/A','N/A',''),(77,78,'2010-05-20','- ','C13T03Q100','MONO  INK (LARGE)- M1110/M1120/M1140/M2140/M3170 - (6K)','Consumable_CISS','M1100/M1120/M1140/M2140/M3170 - (6K)',364.00,390.00,'Pigment ink (120 ml.) รหัส 005','','','N/A','N/A','N/A',''),(78,79,'2010-05-20','- ','C13T00V100','CISS 003 INK BOTTLE (BK) - L1110/L3110/L3150/L5190','Consumable_CISS','L1110/L3110/L3150/L5190/L1210/L1216/L1250/L1256/L3210/L3216/L3250/L3256/L5290/L5296',234.00,250.00,'Dye ink รหัส 003','','','N/A','N/A','N/A',''),(79,80,'2010-05-20','- ','C13T00V200','CISS 003 INK BOTTLE © - L1110/L3110/L3150/L5190','Consumable_CISS','L1110/L3110/L3150/L5190/L1210/L1216/L1250/L1256/L3210/L3216/L3250/L3256/L5290/L5296',234.00,250.00,'Dye ink รหัส 003','','','N/A','N/A','N/A',''),(80,81,'2010-05-20','- ','C13T00V300','CISS 003 INK BOTTLE (M) - L1110/L3110/L3150/L5190','Consumable_CISS','L1110/L3110/L3150/L5190/L1210/L1216/L1250/L1256/L3210/L3216/L3250/L3256/L5290/L5296',234.00,250.00,'Dye ink รหัส 003','','','N/A','N/A','N/A',''),(81,82,'2010-05-20','- ','C13T00V400','CISS 003 INK BOTTLE (Y) - L1110/L3110/L3150/L5190','Consumable_CISS','L1110/L3110/L3150/L5190/L1210/L1216/L1250/L1256/L3210/L3216/L3250/L3256/L5290/L5296',234.00,250.00,'Dye ink รหัส 003','','','N/A','N/A','N/A',''),(82,83,'2010-05-20','- ','C13T06G100','008 BLACK PIGMENT, 127ML (7.5K)','Consumable_CISS','L15150 / L15160 / L6550 / L6580/ L6460/L6490 / M15140(Mono) ',561.00,600.00,'Pigment ink รหัส 008 ','','','N/A','N/A','N/A',''),(83,84,'2010-05-20','- ','C13T06G200','008 CYAN PIGMENT, 70ML (6K)','Consumable_CISS','L15150 / L15160 / L6550 / L6580/ L6460/L6490',449.00,480.00,'Pigment ink รหัส 008 ','','','N/A','N/A','N/A',''),(84,85,'2010-05-20','- ','C13T06G300','008 MAGENTA PIGMENT, 70ML (6K)','Consumable_CISS','L15150 / L15160 / L6550 / L6580/ L6460/L6490',449.00,480.00,'Pigment ink รหัส 008 ','','','N/A','N/A','N/A',''),(85,86,'2010-05-20','- ','C13T06G400','008 YELLOW PIGMENT, 70ML (6K)','Consumable_CISS','L15150 / L15160 / L6550 / L6580/ L6460/L6490',449.00,480.00,'Pigment ink รหัส 008 ','','','N/A','N/A','N/A',''),(86,87,'2010-05-20','Revise','C12C934591','MAINTENANCE BOX L15150/L15160','Consumable_CISS','L15150 / L15160 / L6550 / L6580 / M15140(Mono) / L8050',1028.00,1100.00,'รหัส C934591 (รหัส C934) //  ไม่ให้แจ้งลูกค้า >(30K)','','','N/A','N/A','N/A',''),(87,88,'2010-05-20','New','C12C934461 ','Maintenance Box_L3550/L5590 ','Consumable_CISS','L3550 / L5590 ',327.00,350.00,'','','','N/A','N/A','N/A',''),(88,89,'2010-05-20','New','C13T09D100','L8050 BLACK DYE 70ML INK BOTTLE','Consumable_CISS','L8050',467.00,500.00,'','','','N/A','N/A','N/A',''),(89,90,'2010-05-20','New','C13T09D200','L8050 CYAN DYE 70ML INK BOTTLE','Consumable_CISS','L8050',467.00,500.00,'','','','N/A','N/A','N/A',''),(90,91,'2010-05-20','New','C13T09D300','L8050 MAGENTA DYE 70ML INK BOTTLE','Consumable_CISS','L8050',467.00,500.00,'','','','N/A','N/A','N/A',''),(91,92,'2010-05-20','New','C13T09D400','L8050 YELLOW DYE 70ML INK BOTTLE','Consumable_CISS','L8050',467.00,500.00,'','','','N/A','N/A','N/A',''),(92,93,'2010-05-20','New','C13T09D500','L8050 LT CYAN DYE 70ML INK BOTTLE','Consumable_CISS','L8050',467.00,500.00,'','','','N/A','N/A','N/A',''),(93,94,'2010-05-20','New','C13T09D600','L8050 LT MEGENTA DYE 70ML INK BOTTLE','Consumable_CISS','L8050',467.00,500.00,'','','','N/A','N/A','N/A',''),(94,95,'2010-05-20','New','C12C937771','Pickup Roller L8050 ','Consumable_CISS','L8050',467.00,500.00,'','','','N/A','N/A','N/A','');
/*!40000 ALTER TABLE `es_cc_specification` ENABLE KEYS */;
UNLOCK TABLES;

--
-- Table structure for table `es_cc_val`
--

DROP TABLE IF EXISTS `es_cc_val`;
/*!40101 SET @saved_cs_client     = @@character_set_client */;
/*!40101 SET character_set_client = utf8 */;
CREATE TABLE `es_cc_val` (
  `id` int(11) DEFAULT NULL,
  `id_series` int(11) DEFAULT NULL,
  `id_column` int(11) DEFAULT NULL,
  `val` text DEFAULT NULL
) ENGINE=InnoDB DEFAULT CHARSET=utf8mb4 COLLATE=utf8mb4_general_ci;
/*!40101 SET character_set_client = @saved_cs_client */;

--
-- Dumping data for table `es_cc_val`
--

LOCK TABLES `es_cc_val` WRITE;
/*!40000 ALTER TABLE `es_cc_val` DISABLE KEYS */;
INSERT INTO `es_cc_val` VALUES (1,1,1,'L121'),(2,1,2,'C11CD76501'),(3,1,3,'Print'),(4,1,4,'720 x 720 dpi'),(5,1,5,'9.0/4.8 ipm'),(6,1,6,'N/A'),(7,1,7,'N/A'),(8,1,8,'Dye Ink'),(9,1,9,'USB'),(10,1,10,'BK: 4500 แผ่น CMY: 7500 แผ่น'),(11,1,11,'664 (70 ml.)'),(12,1,12,'2 years or 20,000 pages Carry In'),(13,1,13,'3,590'),(14,2,1,'L1210 STD'),(15,2,2,'C11CJ70501'),(16,2,3,'Print'),(17,2,4,'5760 x 1440 dpi'),(18,2,5,'10.0/5.0 ipm'),(19,2,6,'up to 4R'),(20,2,7,'N/A'),(21,2,8,'Dye Ink'),(22,2,9,'USB'),(23,2,10,'BK: 4500 แผ่น CMY: 7500 แผ่น'),(24,2,11,'003 (60 ml.)'),(25,2,12,'2 years or 30,000 pages Carry In'),(26,2,13,'4,190'),(27,3,1,'L1250 STD'),(28,3,2,'C11CJ71503'),(29,3,3,'Print'),(30,3,4,'5760 x 1440 dpi'),(31,3,5,'10.0/5.0 ipm'),(32,3,6,'up to 4R'),(33,3,7,'N/A'),(34,3,8,'Dye Ink'),(35,3,9,'USB, Wi-Fi Direct, Wi-Fi'),(36,3,10,'BK: 4500 แผ่น CMY: 7500 แผ่น'),(37,3,11,'003 (60 ml.)'),(38,3,12,'2 years or 30,000 pages Carry In'),(39,3,13,'4,490'),(40,4,1,'L1256 STD - Exclusive Online'),(41,4,2,'C11CJ71504'),(42,4,3,'Print'),(43,4,4,'5760 x 1440 dpi'),(44,4,5,'10.0/5.0 ipm'),(45,4,6,'up to 4R'),(46,4,7,'N/A'),(47,4,8,'Dye Ink'),(48,4,9,'USB, Wi-Fi Direct, Wi-Fi'),(49,4,10,'BK: 4500 แผ่น CMY: 7500 แผ่น'),(50,4,11,'003 (60 ml.)'),(51,4,12,'2 years or 30,000 pages Carry In'),(52,4,13,'4,690'),(53,5,1,'L3210 STD'),(54,5,2,'C11CJ68501'),(55,5,3,'Print, Copy and Scan'),(56,5,4,'5760 x 1440 dpi'),(57,5,5,'10.0/5.0 ipm'),(58,5,6,'up to 4R'),(59,5,7,'20 สำเนา'),(60,5,8,'Dye Ink'),(61,5,9,'USB'),(62,5,10,'BK: 4500 แผ่น CMY: 7500 แผ่น'),(63,5,11,'003 (60 ml.)'),(64,5,12,'2 years or 30,000 pages Carry In'),(65,5,13,'4,490'),(66,6,1,'L3216 STD - Exclusive Online'),(67,6,2,'C11CJ68502'),(68,6,3,'Print, Copy and Scan'),(69,6,4,'5760 x 1440 dpi'),(70,6,5,'10.0/5.0 ipm'),(71,6,6,'up to 4R'),(72,6,7,'20 สำเนา'),(73,6,8,'Dye Ink'),(74,6,9,'USB'),(75,6,10,'BK: 4500 แผ่น CMY: 7500 แผ่น'),(76,6,11,'003 (60 ml.)'),(77,6,12,'2 years or 30,000 pages Carry In'),(78,6,13,'4,490'),(79,7,1,'L3250 STD'),(80,7,2,'C11CJ67503'),(81,7,3,'Print, Copy and Scan'),(82,7,4,'5760 x 1440 dpi'),(83,7,5,'10.0/5.0 ipm'),(84,7,6,'up to 4R'),(85,7,7,'20 สำเนา'),(86,7,8,'Dye Ink'),(87,7,9,'USB, Wi-Fi Direct, Wi-Fi'),(88,7,10,'BK: 4500 แผ่น CMY: 7500 แผ่น'),(89,7,11,'003 (60 ml.)'),(90,7,12,'2 years or 30,000 pages Carry In'),(91,7,13,'5,190'),(92,8,1,'L3256 STD - Exclusive Online'),(93,8,2,'C11CJ67504'),(94,8,3,'Print, Copy and Scan'),(95,8,4,'5760 x 1440 dpi'),(96,8,5,'10.0/5.0 ipm'),(97,8,6,'up to 4R'),(98,8,7,'20 สำเนา'),(99,8,8,'Dye Ink'),(100,8,9,'USB, Wi-Fi Direct, Wi-Fi'),(101,8,10,'BK: 4500 แผ่น CMY: 7500 แผ่น'),(102,8,11,'003 (60 ml.)'),(103,8,12,'2 years or 30,000 pages Carry In'),(104,8,13,'5,390'),(105,9,1,'L3550 STD'),(106,9,2,'C11CK59501'),(107,9,3,'Print, Copy and Scan'),(108,9,4,'4800 x 1200 dpi'),(109,9,5,'15.0/8.0 ipm'),(110,9,6,'up to 4R'),(111,9,7,'30 สำเนา'),(112,9,8,'Dye Ink'),(113,9,9,'USB, Wi-Fi Direct, Wi-Fi'),(114,9,10,'BK: 4300 แผ่น CMY: 7300 แผ่น'),(115,9,11,'003 (60 ml.)'),(116,9,12,'2 years or 50,000 pages Carry In'),(117,9,13,'6,190'),(118,10,1,'L3556 STD'),(119,10,2,'C11CK59507'),(120,10,3,'Print, Copy and Scan'),(121,10,4,'4800 x 1200 dpi'),(122,10,5,'15.0/8.0 ipm'),(123,10,6,'up to 4R'),(124,10,7,'30 สำเนา'),(125,10,8,'Dye Ink'),(126,10,9,'USB, Wi-Fi Direct, Wi-Fi'),(127,10,10,'BK: 4300 แผ่น CMY: 7300 แผ่น'),(128,10,11,'003 (60 ml.)'),(129,10,12,'2 years or 50,000 pages Carry In'),(130,10,13,'6,390'),(131,11,1,'L4260 STD'),(132,11,2,'C11CJ63502'),(133,11,3,'Print, Copy and Scan'),(134,11,4,'5760 x 1440 dpi'),(135,11,5,'10.0/5.0 ipm'),(136,11,6,'up to A4'),(137,11,7,'99 สำเนา'),(138,11,8,'Pigment Ink (BK) Dye Ink (C,M,Y)'),(139,11,9,'USB, Wi-Fi Direct, Wi-Fi'),(140,11,10,'BK: 7500 แผ่น CMY: 6000 แผ่น'),(141,11,11,'001 BK: 127 ml. CMY : 70 ml.'),(142,11,12,'2 years or 30,000 pages Carry In'),(143,11,13,'8,290'),(144,12,1,'L4266 STD - Exclusive Online'),(145,12,2,'C11CJ63503'),(146,12,3,'Print, Copy and Scan'),(147,12,4,'5760 x 1440 dpi'),(148,12,5,'10.0/5.0 ipm'),(149,12,6,'up to A4'),(150,12,7,'99 สำเนา'),(151,12,8,'Pigment Ink (BK) Dye Ink (C,M,Y)'),(152,12,9,'USB, Wi-Fi Direct, Wi-Fi'),(153,12,10,'BK: 7500 แผ่น CMY: 6000 แผ่น'),(154,12,11,'001 BK: 127 ml. CMY : 70 ml.'),(155,12,12,'2 years or 30,000 pages Carry In'),(156,12,13,'8,490'),(157,13,1,'L5290 STD'),(158,13,2,'C11CJ65502'),(159,13,3,'Print, Copy, Scan and Fax with ADF'),(160,13,4,'5760 x 1440 dpi'),(161,13,5,'10.0/5.0 ipm'),(162,13,6,'up to 4R'),(163,13,7,'99 สำเนา'),(164,13,8,'Dye Ink'),(165,13,9,'USB, Wi-Fi Direct, Wi-Fi, Lan'),(166,13,10,'BK: 4500 แผ่น CMY: 7500 แผ่น'),(167,13,11,'003 (60 ml.)'),(168,13,12,'2 years or 30,000 pages Carry In'),(169,13,13,'8,590'),(170,14,1,'L5296 STD - Exclusive Online'),(171,14,2,'C11CJ65503'),(172,14,3,'Print, Copy, Scan and Fax with ADF'),(173,14,4,'5760 x 1440 dpi'),(174,14,5,'10.0/5.0 ipm'),(175,14,6,'up to 4R'),(176,14,7,'99 สำเนา'),(177,14,8,'Dye Ink'),(178,14,9,'USB, Wi-Fi Direct, Wi-Fi, Lan'),(179,14,10,'BK: 4500 แผ่น CMY: 7500 แผ่น'),(180,14,11,'003 (60 ml.)'),(181,14,12,'2 years or 30,000 pages Carry In'),(182,14,13,'8,790'),(183,15,1,'L5590 STD'),(184,15,2,'C11CK57502'),(185,15,3,'Print, Copy, Scan and Fax with ADF'),(186,15,4,'4800 x 1200 dpi'),(187,15,5,'15.0/8.0 ipm'),(188,15,6,'up to 4R'),(189,15,7,'99 สำเนา'),(190,15,8,'Dye Ink'),(191,15,9,'USB, Wi-Fi Direct, Wi-Fi, Lan'),(192,15,10,'BK: 4300 แผ่น CMY: 7300 แผ่น'),(193,15,11,'003 (60 ml.)'),(194,15,12,'2 years or 50,000 pages Carry In'),(195,15,13,'9,790'),(196,16,1,'L6260 STD'),(197,16,2,'C11CJ62502'),(198,16,3,'Print, Copy and Scan'),(199,16,4,'4800 x 1200 dpi'),(200,16,5,'15.0/8.0 ipm'),(201,16,6,'up to A4'),(202,16,7,'99 สำเนา'),(203,16,8,'Pigment Ink (BK) Dye Ink (C,M,Y)'),(204,16,9,'USB, Wi-Fi Direct, Wi-Fi, Lan'),(205,16,10,'BK: 7500 แผ่น CMY: 6000 แผ่น'),(206,16,11,'001 BK: 127 ml. CMY : 70 ml.'),(207,16,12,'2 years or 50,000 pages Carry In'),(208,16,13,'9,890'),(209,17,1,'L6270 STD'),(210,17,2,'C11CJ61501'),(211,17,3,'Print, Copy and Scan with ADF'),(212,17,4,'4800 x 1200 dpi'),(213,17,5,'15.5/8.5 ipm'),(214,17,6,'up to A4'),(215,17,7,'99 สำเนา'),(216,17,8,'Pigment Ink (BK) Dye Ink (C,M,Y)'),(217,17,9,'USB, Wi-Fi Direct, Wi-Fi, Lan'),(218,17,10,'BK: 7500 แผ่น CMY: 6000 แผ่น'),(219,17,11,'001 BK: 127 ml. CMY : 70 ml.'),(220,17,12,'2 years or 50,000 pages Carry In'),(221,17,13,'10,390'),(222,18,1,'L6290 STD'),(223,18,2,'C11CJ60502'),(224,18,3,'Print, Copy, Scan and Fax with ADF'),(225,18,4,'4800 x 1200 dpi'),(226,18,5,'15.0/8.0 ipm'),(227,18,6,'up to A4'),(228,18,7,'99 สำเนา'),(229,18,8,'Pigment Ink (BK) Dye Ink (C,M,Y)'),(230,18,9,'USB, Wi-Fi Direct, Wi-Fi, Lan'),(231,18,10,'BK: 7500 แผ่น CMY: 6000 แผ่น'),(232,18,11,'001 BK: 127 ml. CMY : 70 ml.'),(233,18,12,'2 years or 50,000 pages Carry In'),(234,18,13,'11,690'),(235,19,1,'L6460 STD'),(236,19,2,'C11CJ89502'),(237,19,3,'Print, Copy and Scan with ADF'),(238,19,4,'4800 x 1200 dpi'),(239,19,5,'17.0/9.5 ipm'),(240,19,6,'up to A4'),(241,19,7,'99 สำเนา'),(242,19,8,'Pigment Ink'),(243,19,9,'USB, Wi-Fi Direct, Wi-Fi, Lan'),(244,19,10,'BK: 7500 แผ่น CMY: 6000 แผ่น'),(245,19,11,'008 BK: 127 ml. CMY : 70 ml.'),(246,19,12,'2 years or 50,000 pages Carry In'),(247,19,13,'14,900'),(248,20,1,'L6490 STD'),(249,20,2,'C11CJ88502'),(250,20,3,'Print, Copy, Scan and Fax with ADF'),(251,20,4,'4800 x 1200 dpi'),(252,20,5,'17.0/9.5 ipm'),(253,20,6,'up to A4'),(254,20,7,'99 สำเนา'),(255,20,8,'Pigment Ink'),(256,20,9,'USB, Wi-Fi Direct, Wi-Fi, Lan'),(257,20,10,'BK: 7500 แผ่น CMY: 6000 แผ่น'),(258,20,11,'008 BK: 127 ml. CMY : 70 ml.'),(259,20,12,'2 years or 50,000 pages Carry In'),(260,20,13,'16,900'),(261,21,1,'L805'),(262,21,2,'C11CE86501'),(263,21,3,'Print (Photo)'),(264,21,4,'5760 x 1440 dpi'),(265,21,5,'N/A'),(266,21,6,'up to A4'),(267,21,7,'N/A'),(268,21,8,'Dye Ink'),(269,21,9,'USB, Wi-Fi Direct, Wi-Fi'),(270,21,10,'BK: 3000 แผ่น 5 Colors: 5400 แผ่น'),(271,21,11,'673 (70 ml.)'),(272,21,12,'1 year or 3,000 pages Carry In'),(273,21,13,'11,690'),(274,22,1,'L850'),(275,22,2,'C11CE31501'),(276,22,3,'Print, Copy and Scan (Photo)'),(277,22,4,'5760 x 1440 dpi'),(278,22,5,'N/A'),(279,22,6,'up to A4'),(280,22,7,'99 สำเนา'),(281,22,8,'Dye Ink'),(282,22,9,'USB'),(283,22,10,'BK: 3000 แผ่น 5 Colors: 5400 แผ่น'),(284,22,11,'673 (70 ml.)'),(285,22,12,'1 year or 3,000 pages Carry In'),(286,22,13,'14,990'),(287,23,1,'L8050 STD'),(288,23,2,'C11CK37501'),(289,23,3,'Print Photo, CD and PVC Card'),(290,23,4,'5760 x 1440 dpi'),(291,23,5,'N/A'),(292,23,6,'up to A4'),(293,23,7,'N/A'),(294,23,8,'Dye Ink'),(295,23,9,'USB, Wi-Fi Direct, Wi-Fi'),(296,23,10,'BK: 3600 แผ่น 5 Colors: 7200 แผ่น'),(297,23,11,'057 (70 ml.)'),(298,23,12,'2 years or 50,000 pages Carry In'),(299,23,13,'12,500'),(300,24,1,'L18050 STD'),(301,24,2,'C11CK38501'),(302,24,3,'Print Photo, CD and PVC Card'),(303,24,4,'5760 x 1440 dpi'),(304,24,5,'N/A'),(305,24,6,'up to A3'),(306,24,7,'N/A'),(307,24,8,'Dye Ink'),(308,24,9,'USB, Wi-Fi Direct, Wi-Fi'),(309,24,10,'BK: 3600 แผ่น 5 Colors: 7200 แผ่น'),(310,24,11,'057 (70 ml.)'),(311,24,12,'2 years or 50,000 pages Carry In'),(312,24,13,'19,500'),(313,25,1,'L1300'),(314,25,2,'C11CD81501'),(315,25,3,'Print'),(316,25,4,'5760 x 1440 dpi'),(317,25,5,'15/5.5 ipm'),(318,25,6,'N/A'),(319,25,7,'N/A'),(320,25,8,'Dye Ink'),(321,25,9,'USB'),(322,25,10,'BK: 7100 แผ่น CMY: 5700 แผ่น'),(323,25,11,'664 (70 ml.)'),(324,25,12,'2 years or 30,000 pages Carry In'),(325,25,13,'15,490'),(326,26,1,'L1800'),(327,26,2,'C11CD82501'),(328,26,3,'Print (Photo)'),(329,26,4,'5760 x 1440 dpi'),(330,26,5,'N/A'),(331,26,6,'up to A3'),(332,26,7,'N/A'),(333,26,8,'Dye Ink'),(334,26,9,'USB'),(335,26,10,'BK: 8700 แผ่น 5 Colors: 1500 แผ่น'),(336,26,11,'673 (70 ml.)'),(337,26,12,'1 year or 9,000 pages Carry In'),(338,26,13,'18,350'),(339,27,1,'L14150'),(340,27,2,'C11CH96502'),(341,27,3,'Print, Copy, Scan and Fax with ADF'),(342,27,4,'4800 x 1200 dpi'),(343,27,5,'17.0/9.0 ipm (A4) 3.5/2.3 ipm (A3)'),(344,27,6,'up to A3'),(345,27,7,'99 สำเนา'),(346,27,8,'Pigment Ink (BK) Dye Ink (C,M,Y)'),(347,27,9,'USB, Wi-Fi Direct, Wi-Fi, Lan'),(348,27,10,'BK: 7500 แผ่น CMY: 6000 แผ่น'),(349,27,11,'001 BK: 127 ml. CMY : 70 ml.'),(350,27,12,'2 years or 80,000 pages Carry In'),(351,27,13,'17,500'),(352,28,1,'L15150'),(353,28,2,'C11CH72502'),(354,28,3,'Print, Copy, Scan and Fax with ADF'),(355,28,4,'4800 x 1200 dpi'),(356,28,5,'25.0/12.0 ipm (A4) 13.5/6.0 ipm (A3)'),(357,28,6,'up to A3'),(358,28,7,'999 สำเนา'),(359,28,8,'Pigment Ink'),(360,28,9,'USB, Wi-Fi Direct, Wi-Fi, Lan'),(361,28,10,'BK: 7500 แผ่น CMY: 6000 แผ่น'),(362,28,11,'008 BK: 127 ml. CMY : 70 ml.'),(363,28,12,'2 years or 80,000 pages Onsite'),(364,28,13,'27,690'),(365,29,1,'M1120'),(366,29,2,'C11CG96501'),(367,29,3,'Print'),(368,29,4,'1440 x 720 dpi'),(369,29,5,'15.0 ipm'),(370,29,6,'N/A'),(371,29,7,'N/A'),(372,29,8,'Pigment Ink'),(373,29,9,'USB, Wi-Fi Direct, Wi-Fi'),(374,29,10,'2000 (Standard) / 6000 (High)'),(375,29,11,'005S / 005'),(376,29,12,'4 years or 50,000 pages Carry In'),(377,29,13,'4,950'),(378,30,1,'M1140'),(379,30,2,'C11CG26501'),(380,30,3,'Print'),(381,30,4,'1200 x 2400 dpi'),(382,30,5,'20.0 ipm'),(383,30,6,'N/A'),(384,30,7,'N/A'),(385,30,8,'Pigment Ink'),(386,30,9,'USB'),(387,30,10,'2000 (Standard) / 6000 (High)'),(388,30,11,'005S / 005'),(389,30,12,'4 years or 50,000 pages Carry In'),(390,30,13,'6,290'),(391,31,1,'M1170'),(392,31,2,'C11CH44505'),(393,31,3,'Print'),(394,31,4,'1200 x 2400 dpi'),(395,31,5,'20.0 ipm'),(396,31,6,'N/A'),(397,31,7,'N/A'),(398,31,8,'Pigment Ink'),(399,31,9,'USB, Wi-Fi Direct, Wi-Fi'),(400,31,10,'2000 (Standard) / 6000 (High)'),(401,31,11,'005S / 005'),(402,31,12,'4 years or 50,000 pages Carry In'),(403,31,13,'6,790'),(404,32,1,'M2140'),(405,32,2,'C11CG27501'),(406,32,3,'Print, Copy and Scan'),(407,32,4,'1200 x 2400 dpi'),(408,32,5,'20.0 ipm'),(409,32,6,'N/A'),(410,32,7,'99 สำเนา'),(411,32,8,'Pigment Ink'),(412,32,9,'USB'),(413,32,10,'2000 (Standard) / 6000 (High)'),(414,32,11,'005S / 005'),(415,32,12,'4 years or 50,000 pages Carry In'),(416,32,13,'8,090'),(417,33,1,'M2170'),(418,33,2,'C11CH43507'),(419,33,3,'Print, Copy and Scan'),(420,33,4,'1200 x 2400 dpi'),(421,33,5,'20.0 ipm'),(422,33,6,'N/A'),(423,33,7,'99 สำเนา'),(424,33,8,'Pigment Ink'),(425,33,9,'USB'),(426,33,10,'2000 (Standard) / 6000 (High)'),(427,33,11,'005S / 005'),(428,33,12,'4 years or 50,000 pages Carry In'),(429,33,13,'9,000'),(430,34,1,'M3170'),(431,34,2,'C11CG92501'),(432,34,3,'Print, Copy, Scan and Fax with ADF'),(433,34,4,'1200 x 2400 dpi'),(434,34,5,'20.0 ipm'),(435,34,6,'N/A'),(436,34,7,'99 สำเนา'),(437,34,8,'Pigment Ink'),(438,34,9,'USB, Wi-Fi Direct, Wi-Fi, Lan'),(439,34,10,'2000 (Standard) / 6000 (High)'),(440,34,11,'005S / 005'),(441,34,12,'4 years or 50,000 pages Carry In'),(442,34,13,'9,590'),(443,35,1,'M15140'),(444,35,2,'C11CJ41501E1'),(445,35,3,'Print, Copy and Scan with ADF'),(446,35,4,'4800 x 2400 dpi'),(447,35,5,'25.0 ipm'),(448,35,6,'N/A'),(449,35,7,'999 สำเนา'),(450,35,8,'Pigment Ink'),(451,35,9,'USB, Wi-Fi Direct, Wi-Fi, Lan'),(452,35,10,'7500 แผ่น'),(453,35,11,'008 (127 ml.)'),(454,35,12,'4 years or 150,000 pages Onsite'),(455,35,13,'24,900');
/*!40000 ALTER TABLE `es_cc_val` ENABLE KEYS */;
UNLOCK TABLES;

--
-- Table structure for table `es_token`
--

DROP TABLE IF EXISTS `es_token`;
/*!40101 SET @saved_cs_client     = @@character_set_client */;
/*!40101 SET character_set_client = utf8 */;
CREATE TABLE `es_token` (
  `id` int(11) DEFAULT NULL,
  `id_user` int(11) DEFAULT NULL,
  `token` text DEFAULT NULL,
  `expire` datetime DEFAULT NULL
) ENGINE=InnoDB DEFAULT CHARSET=utf8mb4 COLLATE=utf8mb4_general_ci;
/*!40101 SET character_set_client = @saved_cs_client */;

--
-- Dumping data for table `es_token`
--

LOCK TABLES `es_token` WRITE;
/*!40000 ALTER TABLE `es_token` DISABLE KEYS */;
/*!40000 ALTER TABLE `es_token` ENABLE KEYS */;
UNLOCK TABLES;
/*!40103 SET TIME_ZONE=@OLD_TIME_ZONE */;

/*!40101 SET SQL_MODE=@OLD_SQL_MODE */;
/*!40014 SET FOREIGN_KEY_CHECKS=@OLD_FOREIGN_KEY_CHECKS */;
/*!40014 SET UNIQUE_CHECKS=@OLD_UNIQUE_CHECKS */;
/*!40101 SET CHARACTER_SET_CLIENT=@OLD_CHARACTER_SET_CLIENT */;
/*!40101 SET CHARACTER_SET_RESULTS=@OLD_CHARACTER_SET_RESULTS */;
/*!40101 SET COLLATION_CONNECTION=@OLD_COLLATION_CONNECTION */;
/*!40111 SET SQL_NOTES=@OLD_SQL_NOTES */;

-- Dump completed on 2023-10-06  0:05:03
